{
    "welcomeToPictplay": "Welcome to Pictplay",
    "startingDevice": "Starting Device",
    "checkingForConfiguration": "Checking for configuaration",
    "checkingNetwork": "Checking Network",
    "connectToTheNetwork": "Connect to the network",
    "connectToNetwork": "Connect to network",
    "toContinueText": "To continue , follow the instructions on your phone, tablet or laptop",
    "vistWebsite": "Visit website",
    "connectToWifi": "Connect to WiFi network ",
    "pictPlay": "Pictplay",
    "userPasswordText": "User Password for pictplay ",
    "onPhoneVisit": "On your phone visit",
    "loginAccessText": "login and access your contents",
    "toSignInText": "To sign in with this password,scan with your phone camera or QR reader app",
    "scaningText": "Scanning for networks",
    "wifiConfigurationText": "Wi-fi configuration saved, rebooting your device",
    "wificonfigurationSaved": "Wi-fi configuration saved successfully",
    "wificonfigurationSubhead": "Click below button to reload the configuratiion",
    "rebootText": "Reboot",
    "NoContentTxt": " No Content available",
    "chooseAvailableNetworkText": "Choose available network & connect to the device",
    "availableNetworks": "Available Networks",
    "addNetwork": "+ Add network",
    "chooseFromText": "Choose from available network",
    "checkForContent": "Searching for contents",
    "contentdownloadText":"Downloading contents"

}