{
    "ReConnectNetworkText": "Reconnect Network",
    "ReconnectSubText": "\"Device\" can't find the \" WallView\" Wifi",
    "ReconnectSubText2": "network",
    "SearchHeadingText": "Searching network",
    "SearchSubHeadingText": "Searching WiFi to Connect",
    "SetupHeadingText": "Setup",
    "SetupSubHeadingText": "Continue to follow the instructions on your phone, tablet or laptop",
    "ConnectNetworkText": "Connect to a Network",
    "ConnectNetworkSubHeadingText": "To continue, follow the instructions on your phone, tablet or laptop",
    "ConnectNetworkSubHeadingText2": "to a network",
    "scanText": "Scan QR Code for more information",
    "WifiText": "Wifi network",
    "VisitText": "Visit",
    "helpText": "wallview.net/help",
    "InfoText": "more information for",
    "ConnectText": "connect devices",
    "WallviewUrlText": "https://dev.displaywall.net",
    "EnterCodeText": "and Enter the Code",
    "UpdateContentText": "Update Content",
    "updateContentSubText": "Getting ready your Content Don't turn off",
    "updateContentSubText1": "your device",
    "SearchingNetworkText": "Starting up Device",
    "rebootingText": "Rebooting",
    "searchingNetwork": "Searching Network",
    "checkingConfiguration": "Checking Configuration",
    "SearchingNetworkSubHeadingText": "Searching WiFi to Connect",
    "SetupText": "Setup",
    "SetupSubText": "Continue to follow the instructions on your",
    "SetupSubText2": "phone, tablet or laptop",
    "ScanQr": "Scan QR code to connect your device",
    "availableWifi": "Available WiFi",
    "listOfNetText": "List of available network to select",
    "RegisterDeviceText": "Register the device",
    "connectToText": "Connect to",
    "connectwifiSubText": "Continue to follow the instructions on your phone, tablet or laptop",
    "countryText": "Country",
    "passwordText": "Password",
    "confirmPasswordText": "Confirm Password",
    "clickondeviceText": "Click on device",
    "adddeviceText": "add device",
    "enterText": "Enter device id appearing right to this screen",
    "deviceIdText": "Device Id",
    "connectToWifiText": "Connect to WiFi",
    "WiFiSSID": "WallView",
    "WiFiPass": "wallview",
    "DeviceURL": "http://192.168.50.10:3000/connect",
    "usepwText": "and Use password",
    "ssidinputLabel": "SSID",
    "Ssidplaceholder": "Enter SSID",
    "DeviceSerialNo": "Device Serial No.",
    "OkbtnText": "Ok",
    "cancelbtnText": "Cancel"
}